INSERT INTO doctors (id, username, password, last_password_reset_date, first_name, last_name, role, specialization)
VALUES ('cf373bee654743eaa07e62382c0d6fd5', 'doctor', '$2a$10$CWhA4wqp13fFQTTCfkDnlOSVzklkUhRx1vkCUOmbKu8syHaK0EFme', '2018-01-08 21:58:58.508000000', 'Dainius', 'Dainaitis', 'DOCTOR', 'Odontologas'),
       ('a0c84931f13447c99bf757ae5fdb5f91', 'doctor2', '$2a$10$CWhA4wqp13fFQTTCfkDnlOSVzklkUhRx1vkCUOmbKu8syHaK0EFme', '2018-01-08 21:58:58.508000000', 'Justinas', 'Justaitis', 'DOCTOR', 'Chirurgas'),
       ('0d00cf8174eb4bdbac431882fc0950b7', 'doctor3', '$2a$10$CWhA4wqp13fFQTTCfkDnlOSVzklkUhRx1vkCUOmbKu8syHaK0EFme', '2018-01-08 21:58:58.508000000', 'Petras', 'Petraitis', 'DOCTOR', 'Neurologas'),
       ('6eac748c6eb1463eb5e94b9dcaf45ec6', 'doctor4', '$2a$10$CWhA4wqp13fFQTTCfkDnlOSVzklkUhRx1vkCUOmbKu8syHaK0EFme', '2018-01-08 21:58:58.508000000', 'Rokas', 'Rokeris', 'DOCTOR', 'Ginekologas'),
       ('4f74aaac94024918bbd914ccb9cca229', 'doctor5', '$2a$10$CWhA4wqp13fFQTTCfkDnlOSVzklkUhRx1vkCUOmbKu8syHaK0EFme', '2018-01-08 21:58:58.508000000', 'Jonas', 'Bermatas', 'DOCTOR', 'Odontologas');

INSERT INTO patients (id, username, password, last_password_reset_date, first_name, last_name, role, birth_date, personal_identification_number, doctor_id)
VALUES ('29eb13a94c074e2eb6bc72a57a9868cd', 'patient', '$2a$10$pZACXoXOQq362w5yfMRcYeV7na301ndMvuRlp5VGHbKowp2EXlCRy', '2018-01-08 21:58:58.508000000', 'Petras', 'Petraitis', 'PATIENT', '2010-10-10', '51010101234', 'cf373bee654743eaa07e62382c0d6fd5'),
       ('40120fa25d8343b18e3f7ddfb36d3dbb', 'patient2', '$2a$10$pZACXoXOQq362w5yfMRcYeV7na301ndMvuRlp5VGHbKowp2EXlCRy', '2018-01-08 21:58:58.508000000', 'Gintaras', 'Užmatas', 'PATIENT', '1980-08-12', '38008121234', 'cf373bee654743eaa07e62382c0d6fd5'),
       ('92f99ca973634649a536b7d07a0f13c0', 'patient3', '$2a$10$pZACXoXOQq362w5yfMRcYeV7na301ndMvuRlp5VGHbKowp2EXlCRy', '2018-01-08 21:58:58.508000000', 'Edita', 'Ričkatienė', 'PATIENT', '1994-10-08', '49410081111', 'cf373bee654743eaa07e62382c0d6fd5'),
       ('35a2bce3a2b14d058879bafb8e48cd15', 'patient4', '$2a$10$pZACXoXOQq362w5yfMRcYeV7na301ndMvuRlp5VGHbKowp2EXlCRy', '2018-01-08 21:58:58.508000000', 'Inga', 'Gėrienė', 'PATIENT', '1950-01-01', '45001011639', 'cf373bee654743eaa07e62382c0d6fd5'),
       ('c52aaca0c7d4439faf2c8c60153b69b8', 'patient5', '$2a$10$pZACXoXOQq362w5yfMRcYeV7na301ndMvuRlp5VGHbKowp2EXlCRy', '2018-01-08 21:58:58.508000000', 'Saulė', 'Saulienė', 'PATIENT', '2017-05-25', '61705259876', 'cf373bee654743eaa07e62382c0d6fd5'),
       ('3139544247eb45a89dd5dcfc74dc807f', 'patient6', '$2a$10$pZACXoXOQq362w5yfMRcYeV7na301ndMvuRlp5VGHbKowp2EXlCRy', '2018-01-08 21:58:58.508000000', 'Alma', 'Markienė', 'PATIENT', '1951-01-01', '45101011639', 'cf373bee654743eaa07e62382c0d6fd5'),
       ('64a358ec17344a72a92b8597b68f89bd', 'patient7', '$2a$10$pZACXoXOQq362w5yfMRcYeV7na301ndMvuRlp5VGHbKowp2EXlCRy', '2018-01-08 21:58:58.508000000', 'Rimvydas', 'Kažinkas', 'PATIENT', '1952-01-01', '45201011639', 'cf373bee654743eaa07e62382c0d6fd5'),
       ('619a4eb959e24c75a1b730f881ce7c78', 'patient8', '$2a$10$pZACXoXOQq362w5yfMRcYeV7na301ndMvuRlp5VGHbKowp2EXlCRy', '2018-01-08 21:58:58.508000000', 'Laurynas', 'Pelkius', 'PATIENT', '1953-01-01', '45301011639', 'cf373bee654743eaa07e62382c0d6fd5'),
       ('7a4b38ef44974a10a800d3eccc69eb39', 'patient9', '$2a$10$pZACXoXOQq362w5yfMRcYeV7na301ndMvuRlp5VGHbKowp2EXlCRy', '2018-01-08 21:58:58.508000000', 'Jokūbas', 'Merkas', 'PATIENT', '1954-01-01', '45401011639', 'cf373bee654743eaa07e62382c0d6fd5'),
       ('c1604d7b9ef946afa88e2aa00ec942ea', 'patient10', '$2a$10$pZACXoXOQq362w5yfMRcYeV7na301ndMvuRlp5VGHbKowp2EXlCRy', '2018-01-08 21:58:58.508000000', 'Evelina', 'Savkytė', 'PATIENT', '1955-01-01', '45501011639', 'cf373bee654743eaa07e62382c0d6fd5');

INSERT INTO pharmacists (id, username, password, last_password_reset_date, first_name, last_name, role, workplace)
VALUES ('9f58ad651b0c4f0cbbaa1bfa7cd32140', 'pharmacist', '$2a$10$ksTm2mGkWWrbNZC4kx1J/.SB/Geb2HDREE6gDRQAkHCgzd/pXHyKW', '2018-01-08 21:58:58.508000000', 'Vaidas', 'Kurmelis', 'PHARMACIST', 'UAB Something');

INSERT INTO medical_prescriptions (id, active_ingredient, active_ingredient_measurement_unit, active_ingredient_quantity, issue_date, usage_description, has_unlimited_validity, validity_end_date, patient_id, doctor_id)
VALUES ('1e4c1574ace144cea7ace5368be5afed', 'Betametazonas', 'mg', '5', '2018-01-01', 'Lorem ipsum dolor sit amet, consectetur adipiscing elit, sed do eiusmod tempor incididunt ut labore et dolore magna aliqua. Ut enim ad minim veniam, quis nostrud exercitation ullamco laboris nisi ut aliquip ex ea commodo consequat. Duis aute irure dolor in reprehenderit in voluptate velit esse cillum dolore eu fugiat nulla pariatur. Excepteur sint occaecat cupidatat non proident, sunt in culpa qui officia deserunt mollit anim id est laborum.', FALSE, '2018-01-05', '29eb13a94c074e2eb6bc72a57a9868cd', 'cf373bee654743eaa07e62382c0d6fd5'),
       ('155e4bac0abc4ebdb8cf939ba3336c80', 'Alfuzozinas', 'mcg', '10', '2018-01-01', 'Lorem ipsum dolor sit amet, consectetur adipiscing elit, sed do eiusmod tempor incididunt ut labore et dolore magna aliqua. Ut enim ad minim veniam, quis nostrud exercitation ullamco laboris nisi ut aliquip ex ea commodo consequat. Duis aute irure dolor in reprehenderit in voluptate velit esse cillum dolore eu fugiat nulla pariatur. Excepteur sint occaecat cupidatat non proident, sunt in culpa qui officia deserunt mollit anim id est laborum. Lorem ipsum dolor sit amet, consectetur adipiscing elit, sed do eiusmod tempor incididunt ut labore et dolore magna aliqua. Ut enim ad minim veniam, quis nostrud exercitation ullamco laboris nisi ut aliquip ex ea commodo consequat. Duis aute irure dolor in reprehenderit in voluptate velit esse cillum dolore eu fugiat nulla pariatur. Excepteur sint occaecat cupidatat non proident, sunt in culpa qui officia deserunt mollit anim id est laborum.', FALSE, '2019-01-05', '29eb13a94c074e2eb6bc72a57a9868cd', 'cf373bee654743eaa07e62382c0d6fd5'),
       ('a542863d594f4a97868fc85215cf5ce8', 'Alfuzozinas', 'mcg', '10', '2018-01-01', 'Lorem ipsum dolor sit amet, consectetur adipiscing elit, sed do eiusmod tempor incididunt ut labore et dolore magna aliqua. Ut enim ad minim veniam, quis nostrud exercitation ullamco laboris nisi ut aliquip ex ea commodo consequat. Duis aute irure dolor in reprehenderit in voluptate velit esse cillum dolore eu fugiat nulla pariatur. Excepteur sint occaecat cupidatat non proident, sunt in culpa qui officia deserunt mollit anim id est laborum. Lorem ipsum dolor sit amet, consectetur adipiscing elit, sed do eiusmod tempor incididunt ut labore et dolore magna aliqua. Ut enim ad minim veniam, quis nostrud exercitation ullamco laboris nisi ut aliquip ex ea commodo consequat. Duis aute irure dolor in reprehenderit in voluptate velit esse cillum dolore eu fugiat nulla pariatur. Excepteur sint occaecat cupidatat non proident, sunt in culpa qui officia deserunt mollit anim id est laborum.', FALSE, '2019-01-01', '29eb13a94c074e2eb6bc72a57a9868cd', 'cf373bee654743eaa07e62382c0d6fd5'),
       ('27ae967306b94a36a95d604f823aa179', 'Alfuzozinas', 'mcg', '10', '2018-01-01', 'Lorem ipsum dolor sit amet, consectetur adipiscing elit, sed do eiusmod tempor incididunt ut labore et dolore magna aliqua. Ut enim ad minim veniam, quis nostrud exercitation ullamco laboris nisi ut aliquip ex ea commodo consequat. Duis aute irure dolor in reprehenderit in voluptate velit esse cillum dolore eu fugiat nulla pariatur. Excepteur sint occaecat cupidatat non proident, sunt in culpa qui officia deserunt mollit anim id est laborum. Lorem ipsum dolor sit amet, consectetur adipiscing elit, sed do eiusmod tempor incididunt ut labore et dolore magna aliqua. Ut enim ad minim veniam, quis nostrud exercitation ullamco laboris nisi ut aliquip ex ea commodo consequat. Duis aute irure dolor in reprehenderit in voluptate velit esse cillum dolore eu fugiat nulla pariatur. Excepteur sint occaecat cupidatat non proident, sunt in culpa qui officia deserunt mollit anim id est laborum.', FALSE, '2019-01-03', '29eb13a94c074e2eb6bc72a57a9868cd', 'cf373bee654743eaa07e62382c0d6fd5'),
       ('b745a091ed534aec9025ec581594df23', 'Alfuzozinas', 'mcg', '10', '2018-01-01', 'Lorem ipsum dolor sit amet, consectetur adipiscing elit, sed do eiusmod tempor incididunt ut labore et dolore magna aliqua. Ut enim ad minim veniam, quis nostrud exercitation ullamco laboris nisi ut aliquip ex ea commodo consequat. Duis aute irure dolor in reprehenderit in voluptate velit esse cillum dolore eu fugiat nulla pariatur. Excepteur sint occaecat cupidatat non proident, sunt in culpa qui officia deserunt mollit anim id est laborum. Lorem ipsum dolor sit amet, consectetur adipiscing elit, sed do eiusmod tempor incididunt ut labore et dolore magna aliqua. Ut enim ad minim veniam, quis nostrud exercitation ullamco laboris nisi ut aliquip ex ea commodo consequat. Duis aute irure dolor in reprehenderit in voluptate velit esse cillum dolore eu fugiat nulla pariatur. Excepteur sint occaecat cupidatat non proident, sunt in culpa qui officia deserunt mollit anim id est laborum.', FALSE, '2019-01-04', '29eb13a94c074e2eb6bc72a57a9868cd', 'cf373bee654743eaa07e62382c0d6fd5'),
       ('f39ecbb2e1774fc4b689170fde7dbb64', 'Alfuzozinas', 'mcg', '10', '2018-01-01', 'Lorem ipsum dolor sit amet, consectetur adipiscing elit, sed do eiusmod tempor incididunt ut labore et dolore magna aliqua. Ut enim ad minim veniam, quis nostrud exercitation ullamco laboris nisi ut aliquip ex ea commodo consequat. Duis aute irure dolor in reprehenderit in voluptate velit esse cillum dolore eu fugiat nulla pariatur. Excepteur sint occaecat cupidatat non proident, sunt in culpa qui officia deserunt mollit anim id est laborum. Lorem ipsum dolor sit amet, consectetur adipiscing elit, sed do eiusmod tempor incididunt ut labore et dolore magna aliqua. Ut enim ad minim veniam, quis nostrud exercitation ullamco laboris nisi ut aliquip ex ea commodo consequat. Duis aute irure dolor in reprehenderit in voluptate velit esse cillum dolore eu fugiat nulla pariatur. Excepteur sint occaecat cupidatat non proident, sunt in culpa qui officia deserunt mollit anim id est laborum.', FALSE, '2019-01-06', '29eb13a94c074e2eb6bc72a57a9868cd', 'cf373bee654743eaa07e62382c0d6fd5'),
       ('5588a7ee731d429db57613f6c78a176b', 'Alfuzozinas', 'mcg', '10', '2018-01-01', 'Lorem ipsum dolor sit amet, consectetur adipiscing elit, sed do eiusmod tempor incididunt ut labore et dolore magna aliqua. Ut enim ad minim veniam, quis nostrud exercitation ullamco laboris nisi ut aliquip ex ea commodo consequat. Duis aute irure dolor in reprehenderit in voluptate velit esse cillum dolore eu fugiat nulla pariatur. Excepteur sint occaecat cupidatat non proident, sunt in culpa qui officia deserunt mollit anim id est laborum. Lorem ipsum dolor sit amet, consectetur adipiscing elit, sed do eiusmod tempor incididunt ut labore et dolore magna aliqua. Ut enim ad minim veniam, quis nostrud exercitation ullamco laboris nisi ut aliquip ex ea commodo consequat. Duis aute irure dolor in reprehenderit in voluptate velit esse cillum dolore eu fugiat nulla pariatur. Excepteur sint occaecat cupidatat non proident, sunt in culpa qui officia deserunt mollit anim id est laborum.', FALSE, '2019-01-09', '29eb13a94c074e2eb6bc72a57a9868cd', 'cf373bee654743eaa07e62382c0d6fd5'),
       ('4e225afc6a164a3fbabc3bcff4d8d0bd', 'Alfuzozinas', 'mcg', '10', '2018-01-01', 'Lorem ipsum dolor sit amet, consectetur adipiscing elit, sed do eiusmod tempor incididunt ut labore et dolore magna aliqua. Ut enim ad minim veniam, quis nostrud exercitation ullamco laboris nisi ut aliquip ex ea commodo consequat. Duis aute irure dolor in reprehenderit in voluptate velit esse cillum dolore eu fugiat nulla pariatur. Excepteur sint occaecat cupidatat non proident, sunt in culpa qui officia deserunt mollit anim id est laborum. Lorem ipsum dolor sit amet, consectetur adipiscing elit, sed do eiusmod tempor incididunt ut labore et dolore magna aliqua. Ut enim ad minim veniam, quis nostrud exercitation ullamco laboris nisi ut aliquip ex ea commodo consequat. Duis aute irure dolor in reprehenderit in voluptate velit esse cillum dolore eu fugiat nulla pariatur. Excepteur sint occaecat cupidatat non proident, sunt in culpa qui officia deserunt mollit anim id est laborum.', FALSE, '2019-01-08', '29eb13a94c074e2eb6bc72a57a9868cd', 'cf373bee654743eaa07e62382c0d6fd5'),
       ('01eff02d95a847869580104a5639cb1c', 'Ksilometazolinas', 'mcg', '10', '2018-01-01', 'Lorem ipsum dolor sit amet, consectetur adipiscing elit, sed do eiusmod tempor incididunt ut labore et dolore magna aliqua. Ut enim ad minim veniam, quis nostrud exercitation ullamco laboris nisi ut aliquip ex ea commodo consequat. Duis aute irure dolor in reprehenderit in voluptate velit esse cillum dolore eu fugiat nulla pariatur. Excepteur sint occaecat cupidatat non proident, sunt in culpa qui officia deserunt mollit anim id est laborum. Lorem ipsum dolor sit amet, consectetur adipiscing elit, sed do eiusmod tempor incididunt ut labore et dolore magna aliqua. Ut enim ad minim veniam, quis nostrud exercitation ullamco laboris nisi ut aliquip ex ea commodo consequat. Duis aute irure dolor in reprehenderit in voluptate velit esse cillum dolore eu fugiat nulla pariatur. Excepteur sint occaecat cupidatat non proident, sunt in culpa qui officia deserunt mollit anim id est laborum.', FALSE, '2019-01-08', '29eb13a94c074e2eb6bc72a57a9868cd', 'cf373bee654743eaa07e62382c0d6fd5'),
       ('c9e471f83b5047fcac27e62554d643e4', 'Vinpocetinas', 'mcg', '10', '2018-01-01', 'Lorem ipsum dolor sit amet, consectetur adipiscing elit, sed do eiusmod tempor incididunt ut labore et dolore magna aliqua. Ut enim ad minim veniam, quis nostrud exercitation ullamco laboris nisi ut aliquip ex ea commodo consequat. Duis aute irure dolor in reprehenderit in voluptate velit esse cillum dolore eu fugiat nulla pariatur. Excepteur sint occaecat cupidatat non proident, sunt in culpa qui officia deserunt mollit anim id est laborum. Lorem ipsum dolor sit amet, consectetur adipiscing elit, sed do eiusmod tempor incididunt ut labore et dolore magna aliqua. Ut enim ad minim veniam, quis nostrud exercitation ullamco laboris nisi ut aliquip ex ea commodo consequat. Duis aute irure dolor in reprehenderit in voluptate velit esse cillum dolore eu fugiat nulla pariatur. Excepteur sint occaecat cupidatat non proident, sunt in culpa qui officia deserunt mollit anim id est laborum.', FALSE, '2019-01-08', '29eb13a94c074e2eb6bc72a57a9868cd', 'cf373bee654743eaa07e62382c0d6fd5'),
       ('7fa44f6885f8474883c3ee67271e1d2f', 'Triamcinolonas', 'mcg', '10', '2018-01-01', 'Lorem ipsum dolor sit amet, consectetur adipiscing elit, sed do eiusmod tempor incididunt ut labore et dolore magna aliqua. Ut enim ad minim veniam, quis nostrud exercitation ullamco laboris nisi ut aliquip ex ea commodo consequat. Duis aute irure dolor in reprehenderit in voluptate velit esse cillum dolore eu fugiat nulla pariatur. Excepteur sint occaecat cupidatat non proident, sunt in culpa qui officia deserunt mollit anim id est laborum. Lorem ipsum dolor sit amet, consectetur adipiscing elit, sed do eiusmod tempor incididunt ut labore et dolore magna aliqua. Ut enim ad minim veniam, quis nostrud exercitation ullamco laboris nisi ut aliquip ex ea commodo consequat. Duis aute irure dolor in reprehenderit in voluptate velit esse cillum dolore eu fugiat nulla pariatur. Excepteur sint occaecat cupidatat non proident, sunt in culpa qui officia deserunt mollit anim id est laborum.', FALSE, '2019-01-08', '29eb13a94c074e2eb6bc72a57a9868cd', 'cf373bee654743eaa07e62382c0d6fd5'),
       ('507d9e149ab048fd9899a31c4d231609', 'Terbinafinas', 'mcg', '10', '2018-01-01', 'Lorem ipsum dolor sit amet, consectetur adipiscing elit, sed do eiusmod tempor incididunt ut labore et dolore magna aliqua. Ut enim ad minim veniam, quis nostrud exercitation ullamco laboris nisi ut aliquip ex ea commodo consequat. Duis aute irure dolor in reprehenderit in voluptate velit esse cillum dolore eu fugiat nulla pariatur. Excepteur sint occaecat cupidatat non proident, sunt in culpa qui officia deserunt mollit anim id est laborum. Lorem ipsum dolor sit amet, consectetur adipiscing elit, sed do eiusmod tempor incididunt ut labore et dolore magna aliqua. Ut enim ad minim veniam, quis nostrud exercitation ullamco laboris nisi ut aliquip ex ea commodo consequat. Duis aute irure dolor in reprehenderit in voluptate velit esse cillum dolore eu fugiat nulla pariatur. Excepteur sint occaecat cupidatat non proident, sunt in culpa qui officia deserunt mollit anim id est laborum.', FALSE, '2019-01-08', '29eb13a94c074e2eb6bc72a57a9868cd', 'cf373bee654743eaa07e62382c0d6fd5'),
       ('968b00209c944854956832d22bb6efd8', 'Rifampicinas', 'mcg', '10', '2018-01-01', 'Lorem ipsum dolor sit amet, consectetur adipiscing elit, sed do eiusmod tempor incididunt ut labore et dolore magna aliqua. Ut enim ad minim veniam, quis nostrud exercitation ullamco laboris nisi ut aliquip ex ea commodo consequat. Duis aute irure dolor in reprehenderit in voluptate velit esse cillum dolore eu fugiat nulla pariatur. Excepteur sint occaecat cupidatat non proident, sunt in culpa qui officia deserunt mollit anim id est laborum. Lorem ipsum dolor sit amet, consectetur adipiscing elit, sed do eiusmod tempor incididunt ut labore et dolore magna aliqua. Ut enim ad minim veniam, quis nostrud exercitation ullamco laboris nisi ut aliquip ex ea commodo consequat. Duis aute irure dolor in reprehenderit in voluptate velit esse cillum dolore eu fugiat nulla pariatur. Excepteur sint occaecat cupidatat non proident, sunt in culpa qui officia deserunt mollit anim id est laborum.', FALSE, '2019-01-08', '29eb13a94c074e2eb6bc72a57a9868cd', 'cf373bee654743eaa07e62382c0d6fd5'),
       ('696dd04e43d2479da9df67fd8f82e716', 'Fenoksimetilpenicilinas', 'mcg', '10', '2018-01-01', 'Lorem ipsum dolor sit amet, consectetur adipiscing elit, sed do eiusmod tempor incididunt ut labore et dolore magna aliqua. Ut enim ad minim veniam, quis nostrud exercitation ullamco laboris nisi ut aliquip ex ea commodo consequat. Duis aute irure dolor in reprehenderit in voluptate velit esse cillum dolore eu fugiat nulla pariatur. Excepteur sint occaecat cupidatat non proident, sunt in culpa qui officia deserunt mollit anim id est laborum. Lorem ipsum dolor sit amet, consectetur adipiscing elit, sed do eiusmod tempor incididunt ut labore et dolore magna aliqua. Ut enim ad minim veniam, quis nostrud exercitation ullamco laboris nisi ut aliquip ex ea commodo consequat. Duis aute irure dolor in reprehenderit in voluptate velit esse cillum dolore eu fugiat nulla pariatur. Excepteur sint occaecat cupidatat non proident, sunt in culpa qui officia deserunt mollit anim id est laborum.', FALSE, '2019-01-08', '29eb13a94c074e2eb6bc72a57a9868cd', 'cf373bee654743eaa07e62382c0d6fd5'),
       ('f225baf6e31c4793a4b0fa3311645d8e', 'Ondansetronas', 'mcg', '10', '2018-01-01', 'Lorem ipsum dolor sit amet, consectetur adipiscing elit, sed do eiusmod tempor incididunt ut labore et dolore magna aliqua. Ut enim ad minim veniam, quis nostrud exercitation ullamco laboris nisi ut aliquip ex ea commodo consequat. Duis aute irure dolor in reprehenderit in voluptate velit esse cillum dolore eu fugiat nulla pariatur. Excepteur sint occaecat cupidatat non proident, sunt in culpa qui officia deserunt mollit anim id est laborum. Lorem ipsum dolor sit amet, consectetur adipiscing elit, sed do eiusmod tempor incididunt ut labore et dolore magna aliqua. Ut enim ad minim veniam, quis nostrud exercitation ullamco laboris nisi ut aliquip ex ea commodo consequat. Duis aute irure dolor in reprehenderit in voluptate velit esse cillum dolore eu fugiat nulla pariatur. Excepteur sint occaecat cupidatat non proident, sunt in culpa qui officia deserunt mollit anim id est laborum.', FALSE, '2019-01-08', '29eb13a94c074e2eb6bc72a57a9868cd', 'cf373bee654743eaa07e62382c0d6fd5'),
       ('36a1d71982714cde98ddb089a2b94580', 'Metilprednizolonas', 'mcg', '10', '2018-01-01', 'Lorem ipsum dolor sit amet, consectetur adipiscing elit, sed do eiusmod tempor incididunt ut labore et dolore magna aliqua. Ut enim ad minim veniam, quis nostrud exercitation ullamco laboris nisi ut aliquip ex ea commodo consequat. Duis aute irure dolor in reprehenderit in voluptate velit esse cillum dolore eu fugiat nulla pariatur. Excepteur sint occaecat cupidatat non proident, sunt in culpa qui officia deserunt mollit anim id est laborum. Lorem ipsum dolor sit amet, consectetur adipiscing elit, sed do eiusmod tempor incididunt ut labore et dolore magna aliqua. Ut enim ad minim veniam, quis nostrud exercitation ullamco laboris nisi ut aliquip ex ea commodo consequat. Duis aute irure dolor in reprehenderit in voluptate velit esse cillum dolore eu fugiat nulla pariatur. Excepteur sint occaecat cupidatat non proident, sunt in culpa qui officia deserunt mollit anim id est laborum.', FALSE, '2019-01-08', '29eb13a94c074e2eb6bc72a57a9868cd', 'cf373bee654743eaa07e62382c0d6fd5'),
       ('73d5b33a65f34886b24046f462a316d5', 'Izosorbido mononitratas', 'mcg', '10', '2018-01-01', 'Lorem ipsum dolor sit amet, consectetur adipiscing elit, sed do eiusmod tempor incididunt ut labore et dolore magna aliqua. Ut enim ad minim veniam, quis nostrud exercitation ullamco laboris nisi ut aliquip ex ea commodo consequat. Duis aute irure dolor in reprehenderit in voluptate velit esse cillum dolore eu fugiat nulla pariatur. Excepteur sint occaecat cupidatat non proident, sunt in culpa qui officia deserunt mollit anim id est laborum. Lorem ipsum dolor sit amet, consectetur adipiscing elit, sed do eiusmod tempor incididunt ut labore et dolore magna aliqua. Ut enim ad minim veniam, quis nostrud exercitation ullamco laboris nisi ut aliquip ex ea commodo consequat. Duis aute irure dolor in reprehenderit in voluptate velit esse cillum dolore eu fugiat nulla pariatur. Excepteur sint occaecat cupidatat non proident, sunt in culpa qui officia deserunt mollit anim id est laborum.', FALSE, '2019-01-08', '29eb13a94c074e2eb6bc72a57a9868cd', 'cf373bee654743eaa07e62382c0d6fd5'),
       ('cae4fb2c67bd41b3bae9fe100cfca370', 'Fluocinolono acetonidas', 'mcg', '10', '2018-01-01', 'Lorem ipsum dolor sit amet, consectetur adipiscing elit, sed do eiusmod tempor incididunt ut labore et dolore magna aliqua. Ut enim ad minim veniam, quis nostrud exercitation ullamco laboris nisi ut aliquip ex ea commodo consequat. Duis aute irure dolor in reprehenderit in voluptate velit esse cillum dolore eu fugiat nulla pariatur. Excepteur sint occaecat cupidatat non proident, sunt in culpa qui officia deserunt mollit anim id est laborum. Lorem ipsum dolor sit amet, consectetur adipiscing elit, sed do eiusmod tempor incididunt ut labore et dolore magna aliqua. Ut enim ad minim veniam, quis nostrud exercitation ullamco laboris nisi ut aliquip ex ea commodo consequat. Duis aute irure dolor in reprehenderit in voluptate velit esse cillum dolore eu fugiat nulla pariatur. Excepteur sint occaecat cupidatat non proident, sunt in culpa qui officia deserunt mollit anim id est laborum.', FALSE, '2019-01-08', '29eb13a94c074e2eb6bc72a57a9868cd', 'cf373bee654743eaa07e62382c0d6fd5'),
       ('537391c32e4f4a8db93fb8583d235468', 'Letrozolas', 'IU', '10', '2018-01-01', 'Lorem ipsum dolor sit amet, consectetur adipiscing elit, sed do eiusmod tempor incididunt ut labore et dolore magna aliqua. Ut enim ad minim veniam, quis nostrud exercitation ullamco laboris nisi ut aliquip ex ea commodo consequat. Duis aute irure dolor in reprehenderit in voluptate velit esse cillum dolore eu fugiat nulla pariatur. Excepteur sint occaecat cupidatat non proident, sunt in culpa qui officia deserunt mollit anim id est laborum.', FALSE, '2018-02-04', '29eb13a94c074e2eb6bc72a57a9868cd', 'cf373bee654743eaa07e62382c0d6fd5'),
       ('051ef65641c74ea8a0e8e66d2d033b66', 'Ropinirolis', 'mg', '10', '2018-01-01', 'Lorem ipsum dolor sit amet, consectetur adipiscing elit, sed do eiusmod tempor incididunt ut labore et dolore magna aliqua. Ut enim ad minim veniam, quis nostrud exercitation ullamco laboris nisi ut aliquip ex ea commodo consequat. Duis aute irure dolor in reprehenderit in voluptate velit esse cillum dolore eu fugiat nulla pariatur. Excepteur sint occaecat cupidatat non proident, sunt in culpa qui officia deserunt mollit anim id est laborum.', FALSE, '2018-02-05', '29eb13a94c074e2eb6bc72a57a9868cd', 'cf373bee654743eaa07e62382c0d6fd5'),
       ('dfc55ea26e3c4989937e2b966480dd97', 'Ursodeoksicholio rūgštis', 'mg', '10', '2018-01-01', 'Lorem ipsum dolor sit amet, consectetur adipiscing elit, sed do eiusmod tempor incididunt ut labore et dolore magna aliqua. Ut enim ad minim veniam, quis nostrud exercitation ullamco laboris nisi ut aliquip ex ea commodo consequat. Duis aute irure dolor in reprehenderit in voluptate velit esse cillum dolore eu fugiat nulla pariatur. Excepteur sint occaecat cupidatat non proident, sunt in culpa qui officia deserunt mollit anim id est laborum.', FALSE, '2018-02-06', '29eb13a94c074e2eb6bc72a57a9868cd', 'cf373bee654743eaa07e62382c0d6fd5'),
       ('d08902f6b6fd43849b11e38f37be8c7b', 'Valacicloviras', 'mg', '10', '2018-01-01', 'Lorem ipsum dolor sit amet, consectetur adipiscing elit, sed do eiusmod tempor incididunt ut labore et dolore magna aliqua. Ut enim ad minim veniam, quis nostrud exercitation ullamco laboris nisi ut aliquip ex ea commodo consequat. Duis aute irure dolor in reprehenderit in voluptate velit esse cillum dolore eu fugiat nulla pariatur. Excepteur sint occaecat cupidatat non proident, sunt in culpa qui officia deserunt mollit anim id est laborum.', TRUE, NULL, '29eb13a94c074e2eb6bc72a57a9868cd', 'cf373bee654743eaa07e62382c0d6fd5');

INSERT INTO medical_records (id, date, description, disease_code, is_visit_compensated, is_visit_repeated, visit_duration_in_minutes, patient_id, doctor_id)
VALUES ('5e800a4a7c034115831bf39f49e075aa', '2017-12-01', 'Lorem ipsum dolor sit amet, consectetur adipiscing elit, sed do eiusmod tempor incididunt ut labore et dolore magna aliqua. Ut enim ad minim veniam, quis nostrud exercitation ullamco laboris nisi ut aliquip ex ea commodo consequat. Duis aute irure dolor in reprehenderit in voluptate velit esse cillum dolore eu fugiat nulla pariatur. Excepteur sint occaecat cupidatat non proident, sunt in culpa qui officia deserunt mollit anim id est laborum.', 'A54.42', FALSE, FALSE, 30, '29eb13a94c074e2eb6bc72a57a9868cd', 'cf373bee654743eaa07e62382c0d6fd5'),
       ('d5d77fdced154c1db5332519f16ae81a', '2018-01-01', 'Lorem ipsum dolor sit amet, consectetur adipiscing elit, sed do eiusmod tempor incididunt ut labore et dolore magna aliqua. Ut enim ad minim veniam, quis nostrud exercitation ullamco laboris nisi ut aliquip ex ea commodo consequat. Duis aute irure dolor in reprehenderit in voluptate velit esse cillum dolore eu fugiat nulla pariatur. Excepteur sint occaecat cupidatat non proident, sunt in culpa qui officia deserunt mollit anim id est laborum.', 'A54.42', FALSE, FALSE, 61, '29eb13a94c074e2eb6bc72a57a9868cd', 'cf373bee654743eaa07e62382c0d6fd5'),
       ('ad4300ec1ff54ed891316dd142383d73', '2017-12-21', 'Lorem ipsum dolor sit amet, consectetur adipiscing elit, sed do eiusmod tempor incididunt ut labore et dolore magna aliqua. Ut enim ad minim veniam, quis nostrud exercitation ullamco laboris nisi ut aliquip ex ea commodo consequat. Duis aute irure dolor in reprehenderit in voluptate velit esse cillum dolore eu fugiat nulla pariatur. Excepteur sint occaecat cupidatat non proident, sunt in culpa qui officia deserunt mollit anim id est laborum.', 'A54.42', FALSE, FALSE, 135, '29eb13a94c074e2eb6bc72a57a9868cd', 'cf373bee654743eaa07e62382c0d6fd5'),
       ('3195ab79c0fc4132b9b1962451fd0e67', '2018-01-01', 'Lorem ipsum dolor sit amet, consectetur adipiscing elit, sed do eiusmod tempor incididunt ut labore et dolore magna aliqua. Ut enim ad minim veniam, quis nostrud exercitation ullamco laboris nisi ut aliquip ex ea commodo consequat. Duis aute irure dolor in reprehenderit in voluptate velit esse cillum dolore eu fugiat nulla pariatur. Excepteur sint occaecat cupidatat non proident, sunt in culpa qui officia deserunt mollit anim id est laborum.', 'A54.42', FALSE, FALSE, 30, '29eb13a94c074e2eb6bc72a57a9868cd', '6eac748c6eb1463eb5e94b9dcaf45ec6'),
       ('9a84326ee4c64343a1dfbfc9705c21ce', '2018-01-09', 'Lorem ipsum dolor sit amet, consectetur adipiscing elit, sed do eiusmod tempor incididunt ut labore et dolore magna aliqua. Ut enim ad minim veniam, quis nostrud exercitation ullamco laboris nisi ut aliquip ex ea commodo consequat. Duis aute irure dolor in reprehenderit in voluptate velit esse cillum dolore eu fugiat nulla pariatur. Excepteur sint occaecat cupidatat non proident, sunt in culpa qui officia deserunt mollit anim id est laborum. Lorem ipsum dolor sit amet, consectetur adipiscing elit, sed do eiusmod tempor incididunt ut labore et dolore magna aliqua. Ut enim ad minim veniam, quis nostrud exercitation ullamco laboris nisi ut aliquip ex ea commodo consequat. Duis aute irure dolor in reprehenderit in voluptate velit esse cillum dolore eu fugiat nulla pariatur. Excepteur sint occaecat cupidatat non proident, sunt in culpa qui officia deserunt mollit anim id est laborum.', 'A54.42', FALSE, FALSE, 30, '29eb13a94c074e2eb6bc72a57a9868cd', 'cf373bee654743eaa07e62382c0d6fd5'),
       ('060a682b61924819b501ce36b3af17a6', '2018-01-03', 'Lorem ipsum dolor sit amet, consectetur adipiscing elit, sed do eiusmod tempor incididunt ut labore et dolore magna aliqua. Ut enim ad minim veniam, quis nostrud exercitation ullamco laboris nisi ut aliquip ex ea commodo consequat. Duis aute irure dolor in reprehenderit in voluptate velit esse cillum dolore eu fugiat nulla pariatur. Excepteur sint occaecat cupidatat non proident, sunt in culpa qui officia deserunt mollit anim id est laborum.', 'A54.42', FALSE, FALSE, 30, '29eb13a94c074e2eb6bc72a57a9868cd', '4f74aaac94024918bbd914ccb9cca229'),
       ('2774632f29d8461eb6109bbe75ffd51d', '2017-12-03', 'Lorem ipsum dolor sit amet, consectetur adipiscing elit, sed do eiusmod tempor incididunt ut labore et dolore magna aliqua. Ut enim ad minim veniam, quis nostrud exercitation ullamco laboris nisi ut aliquip ex ea commodo consequat. Duis aute irure dolor in reprehenderit in voluptate velit esse cillum dolore eu fugiat nulla pariatur. Excepteur sint occaecat cupidatat non proident, sunt in culpa qui officia deserunt mollit anim id est laborum.', 'A54.42', FALSE, FALSE, 30, '29eb13a94c074e2eb6bc72a57a9868cd', '4f74aaac94024918bbd914ccb9cca229'),
       ('95546e4edc9845839e52806b40973536', '2017-12-06', 'Lorem ipsum dolor sit amet, consectetur adipiscing elit, sed do eiusmod tempor incididunt ut labore et dolore magna aliqua. Ut enim ad minim veniam, quis nostrud exercitation ullamco laboris nisi ut aliquip ex ea commodo consequat. Duis aute irure dolor in reprehenderit in voluptate velit esse cillum dolore eu fugiat nulla pariatur. Excepteur sint occaecat cupidatat non proident, sunt in culpa qui officia deserunt mollit anim id est laborum.', 'A54.42', FALSE, FALSE, 30, '29eb13a94c074e2eb6bc72a57a9868cd', '4f74aaac94024918bbd914ccb9cca229'),
       ('80e0ed5da8e04d139c3b3aab71a0321a', '2017-12-05', 'Lorem ipsum dolor sit amet, consectetur adipiscing elit, sed do eiusmod tempor incididunt ut labore et dolore magna aliqua. Ut enim ad minim veniam, quis nostrud exercitation ullamco laboris nisi ut aliquip ex ea commodo consequat. Duis aute irure dolor in reprehenderit in voluptate velit esse cillum dolore eu fugiat nulla pariatur. Excepteur sint occaecat cupidatat non proident, sunt in culpa qui officia deserunt mollit anim id est laborum.', 'A54.42', FALSE, FALSE, 30, '29eb13a94c074e2eb6bc72a57a9868cd', '4f74aaac94024918bbd914ccb9cca229'),
       ('020308081a8740c1989000bd5d433a74', '2017-12-04', 'Lorem ipsum dolor sit amet, consectetur adipiscing elit, sed do eiusmod tempor incididunt ut labore et dolore magna aliqua. Ut enim ad minim veniam, quis nostrud exercitation ullamco laboris nisi ut aliquip ex ea commodo consequat. Duis aute irure dolor in reprehenderit in voluptate velit esse cillum dolore eu fugiat nulla pariatur. Excepteur sint occaecat cupidatat non proident, sunt in culpa qui officia deserunt mollit anim id est laborum.', 'A54.42', FALSE, FALSE, 30, '29eb13a94c074e2eb6bc72a57a9868cd', '4f74aaac94024918bbd914ccb9cca229'),
       ('8cda8089220a4313bbde25995e97d28d', '2017-12-11', 'Lorem ipsum dolor sit amet, consectetur adipiscing elit, sed do eiusmod tempor incididunt ut labore et dolore magna aliqua. Ut enim ad minim veniam, quis nostrud exercitation ullamco laboris nisi ut aliquip ex ea commodo consequat. Duis aute irure dolor in reprehenderit in voluptate velit esse cillum dolore eu fugiat nulla pariatur. Excepteur sint occaecat cupidatat non proident, sunt in culpa qui officia deserunt mollit anim id est laborum.', 'A54.42', FALSE, FALSE, 30, '29eb13a94c074e2eb6bc72a57a9868cd', '4f74aaac94024918bbd914ccb9cca229'),
       ('806808c638774401a2adf55a0689a94f', '2017-12-08', 'Lorem ipsum dolor sit amet, consectetur adipiscing elit, sed do eiusmod tempor incididunt ut labore et dolore magna aliqua. Ut enim ad minim veniam, quis nostrud exercitation ullamco laboris nisi ut aliquip ex ea commodo consequat. Duis aute irure dolor in reprehenderit in voluptate velit esse cillum dolore eu fugiat nulla pariatur. Excepteur sint occaecat cupidatat non proident, sunt in culpa qui officia deserunt mollit anim id est laborum.', 'A54.42', FALSE, FALSE, 30, '29eb13a94c074e2eb6bc72a57a9868cd', '4f74aaac94024918bbd914ccb9cca229'),
       ('0584cae4c8f34d0aa18b078d9069171b', '2017-12-08', 'Lorem ipsum dolor sit amet, consectetur adipiscing elit, sed do eiusmod tempor incididunt ut labore et dolore magna aliqua. Ut enim ad minim veniam, quis nostrud exercitation ullamco laboris nisi ut aliquip ex ea commodo consequat. Duis aute irure dolor in reprehenderit in voluptate velit esse cillum dolore eu fugiat nulla pariatur. Excepteur sint occaecat cupidatat non proident, sunt in culpa qui officia deserunt mollit anim id est laborum.', 'B54.42', FALSE, FALSE, 30, '29eb13a94c074e2eb6bc72a57a9868cd', '4f74aaac94024918bbd914ccb9cca229'),
       ('f3244ff7cd554883900e3861bc52fffe', '2017-12-08', 'Lorem ipsum dolor sit amet, consectetur adipiscing elit, sed do eiusmod tempor incididunt ut labore et dolore magna aliqua. Ut enim ad minim veniam, quis nostrud exercitation ullamco laboris nisi ut aliquip ex ea commodo consequat. Duis aute irure dolor in reprehenderit in voluptate velit esse cillum dolore eu fugiat nulla pariatur. Excepteur sint occaecat cupidatat non proident, sunt in culpa qui officia deserunt mollit anim id est laborum.', 'C54.42', FALSE, FALSE, 30, '29eb13a94c074e2eb6bc72a57a9868cd', '4f74aaac94024918bbd914ccb9cca229'),
       ('055720d0ca2745df8d8ae80c75214ebc', '2017-12-08', 'Lorem ipsum dolor sit amet, consectetur adipiscing elit, sed do eiusmod tempor incididunt ut labore et dolore magna aliqua. Ut enim ad minim veniam, quis nostrud exercitation ullamco laboris nisi ut aliquip ex ea commodo consequat. Duis aute irure dolor in reprehenderit in voluptate velit esse cillum dolore eu fugiat nulla pariatur. Excepteur sint occaecat cupidatat non proident, sunt in culpa qui officia deserunt mollit anim id est laborum.', 'D54.42', FALSE, FALSE, 30, '29eb13a94c074e2eb6bc72a57a9868cd', '4f74aaac94024918bbd914ccb9cca229'),
       ('dca32ba93bd3422fbe3f4faf17792d66', '2017-12-08', 'Lorem ipsum dolor sit amet, consectetur adipiscing elit, sed do eiusmod tempor incididunt ut labore et dolore magna aliqua. Ut enim ad minim veniam, quis nostrud exercitation ullamco laboris nisi ut aliquip ex ea commodo consequat. Duis aute irure dolor in reprehenderit in voluptate velit esse cillum dolore eu fugiat nulla pariatur. Excepteur sint occaecat cupidatat non proident, sunt in culpa qui officia deserunt mollit anim id est laborum.', 'E54.42', FALSE, FALSE, 30, '29eb13a94c074e2eb6bc72a57a9868cd', '4f74aaac94024918bbd914ccb9cca229'),
       ('66da895c83094a418ee9e29086d0834a', '2017-12-08', 'Lorem ipsum dolor sit amet, consectetur adipiscing elit, sed do eiusmod tempor incididunt ut labore et dolore magna aliqua. Ut enim ad minim veniam, quis nostrud exercitation ullamco laboris nisi ut aliquip ex ea commodo consequat. Duis aute irure dolor in reprehenderit in voluptate velit esse cillum dolore eu fugiat nulla pariatur. Excepteur sint occaecat cupidatat non proident, sunt in culpa qui officia deserunt mollit anim id est laborum.', 'F54.42', FALSE, FALSE, 30, '29eb13a94c074e2eb6bc72a57a9868cd', '4f74aaac94024918bbd914ccb9cca229'),
       ('776ec7b46206418982d334fdcc94ac47', '2017-12-08', 'Lorem ipsum dolor sit amet, consectetur adipiscing elit, sed do eiusmod tempor incididunt ut labore et dolore magna aliqua. Ut enim ad minim veniam, quis nostrud exercitation ullamco laboris nisi ut aliquip ex ea commodo consequat. Duis aute irure dolor in reprehenderit in voluptate velit esse cillum dolore eu fugiat nulla pariatur. Excepteur sint occaecat cupidatat non proident, sunt in culpa qui officia deserunt mollit anim id est laborum.', 'G54.42', FALSE, FALSE, 30, '29eb13a94c074e2eb6bc72a57a9868cd', '4f74aaac94024918bbd914ccb9cca229'),
       ('618037789d334ccab6c0f539349833ca', '2017-12-08', 'Lorem ipsum dolor sit amet, consectetur adipiscing elit, sed do eiusmod tempor incididunt ut labore et dolore magna aliqua. Ut enim ad minim veniam, quis nostrud exercitation ullamco laboris nisi ut aliquip ex ea commodo consequat. Duis aute irure dolor in reprehenderit in voluptate velit esse cillum dolore eu fugiat nulla pariatur. Excepteur sint occaecat cupidatat non proident, sunt in culpa qui officia deserunt mollit anim id est laborum.', 'H54.42', FALSE, FALSE, 30, '29eb13a94c074e2eb6bc72a57a9868cd', '4f74aaac94024918bbd914ccb9cca229'),
       ('6398410c28f9493a8e0816396680a6a2', '2017-12-08', 'Lorem ipsum dolor sit amet, consectetur adipiscing elit, sed do eiusmod tempor incididunt ut labore et dolore magna aliqua. Ut enim ad minim veniam, quis nostrud exercitation ullamco laboris nisi ut aliquip ex ea commodo consequat. Duis aute irure dolor in reprehenderit in voluptate velit esse cillum dolore eu fugiat nulla pariatur. Excepteur sint occaecat cupidatat non proident, sunt in culpa qui officia deserunt mollit anim id est laborum.', 'I54.42', FALSE, FALSE, 30, '29eb13a94c074e2eb6bc72a57a9868cd', '4f74aaac94024918bbd914ccb9cca229'),
       ('ce05c5d644cc41419e0b0b074bc423d3', '2017-12-08', 'Lorem ipsum dolor sit amet, consectetur adipiscing elit, sed do eiusmod tempor incididunt ut labore et dolore magna aliqua. Ut enim ad minim veniam, quis nostrud exercitation ullamco laboris nisi ut aliquip ex ea commodo consequat. Duis aute irure dolor in reprehenderit in voluptate velit esse cillum dolore eu fugiat nulla pariatur. Excepteur sint occaecat cupidatat non proident, sunt in culpa qui officia deserunt mollit anim id est laborum.', 'J54.42', FALSE, FALSE, 30, '29eb13a94c074e2eb6bc72a57a9868cd', '4f74aaac94024918bbd914ccb9cca229'),
       ('6ece963ceb644b47b9621e696c2b82d5', '2018-01-01', 'Lorem ipsum dolor sit amet, consectetur adipiscing elit, sed do eiusmod tempor incididunt ut labore et dolore magna aliqua. Ut enim ad minim veniam, quis nostrud exercitation ullamco laboris nisi ut aliquip ex ea commodo consequat. Duis aute irure dolor in reprehenderit in voluptate velit esse cillum dolore eu fugiat nulla pariatur. Excepteur sint occaecat cupidatat non proident, sunt in culpa qui officia deserunt mollit anim id est laborum.', 'B76.1', FALSE, FALSE, 30, '40120fa25d8343b18e3f7ddfb36d3dbb', 'cf373bee654743eaa07e62382c0d6fd5'),
       ('14a0759fa6934fe58b4cac08304a9351', '2018-01-02', 'Lorem ipsum dolor sit amet, consectetur adipiscing elit, sed do eiusmod tempor incididunt ut labore et dolore magna aliqua. Ut enim ad minim veniam, quis nostrud exercitation ullamco laboris nisi ut aliquip ex ea commodo consequat. Duis aute irure dolor in reprehenderit in voluptate velit esse cillum dolore eu fugiat nulla pariatur. Excepteur sint occaecat cupidatat non proident, sunt in culpa qui officia deserunt mollit anim id est laborum.', 'B76.1', FALSE, FALSE, 30, '40120fa25d8343b18e3f7ddfb36d3dbb', 'cf373bee654743eaa07e62382c0d6fd5'),
       ('4e5163e9c80b4b7ea98d655b05e47457', '2018-01-03', 'Lorem ipsum dolor sit amet, consectetur adipiscing elit, sed do eiusmod tempor incididunt ut labore et dolore magna aliqua. Ut enim ad minim veniam, quis nostrud exercitation ullamco laboris nisi ut aliquip ex ea commodo consequat. Duis aute irure dolor in reprehenderit in voluptate velit esse cillum dolore eu fugiat nulla pariatur. Excepteur sint occaecat cupidatat non proident, sunt in culpa qui officia deserunt mollit anim id est laborum.', 'B76.1', FALSE, FALSE, 30, '40120fa25d8343b18e3f7ddfb36d3dbb', 'cf373bee654743eaa07e62382c0d6fd5'),
       ('c75ac09784d14b0fb7eefb4c3a4bbc23', '2018-01-04', 'Lorem ipsum dolor sit amet, consectetur adipiscing elit, sed do eiusmod tempor incididunt ut labore et dolore magna aliqua. Ut enim ad minim veniam, quis nostrud exercitation ullamco laboris nisi ut aliquip ex ea commodo consequat. Duis aute irure dolor in reprehenderit in voluptate velit esse cillum dolore eu fugiat nulla pariatur. Excepteur sint occaecat cupidatat non proident, sunt in culpa qui officia deserunt mollit anim id est laborum.', 'B76.1', FALSE, FALSE, 30, '40120fa25d8343b18e3f7ddfb36d3dbb', 'cf373bee654743eaa07e62382c0d6fd5'),
       ('569a64c8c66b40e69aa72ca7da7139a9', '2018-01-05', 'Lorem ipsum dolor sit amet, consectetur adipiscing elit, sed do eiusmod tempor incididunt ut labore et dolore magna aliqua. Ut enim ad minim veniam, quis nostrud exercitation ullamco laboris nisi ut aliquip ex ea commodo consequat. Duis aute irure dolor in reprehenderit in voluptate velit esse cillum dolore eu fugiat nulla pariatur. Excepteur sint occaecat cupidatat non proident, sunt in culpa qui officia deserunt mollit anim id est laborum.', 'B76.1', FALSE, FALSE, 30, '40120fa25d8343b18e3f7ddfb36d3dbb', 'cf373bee654743eaa07e62382c0d6fd5'),
       ('9f4c875316964dd0a4ecc699de6a452f', '2018-01-06', 'Lorem ipsum dolor sit amet, consectetur adipiscing elit, sed do eiusmod tempor incididunt ut labore et dolore magna aliqua. Ut enim ad minim veniam, quis nostrud exercitation ullamco laboris nisi ut aliquip ex ea commodo consequat. Duis aute irure dolor in reprehenderit in voluptate velit esse cillum dolore eu fugiat nulla pariatur. Excepteur sint occaecat cupidatat non proident, sunt in culpa qui officia deserunt mollit anim id est laborum.', 'B76.1', FALSE, FALSE, 30, '40120fa25d8343b18e3f7ddfb36d3dbb', 'cf373bee654743eaa07e62382c0d6fd5'),
       ('c26b4607004f40cab5ba9786f3939e8b', '2018-01-07', 'Lorem ipsum dolor sit amet, consectetur adipiscing elit, sed do eiusmod tempor incididunt ut labore et dolore magna aliqua. Ut enim ad minim veniam, quis nostrud exercitation ullamco laboris nisi ut aliquip ex ea commodo consequat. Duis aute irure dolor in reprehenderit in voluptate velit esse cillum dolore eu fugiat nulla pariatur. Excepteur sint occaecat cupidatat non proident, sunt in culpa qui officia deserunt mollit anim id est laborum.', 'B76.1', FALSE, FALSE, 30, '40120fa25d8343b18e3f7ddfb36d3dbb', 'cf373bee654743eaa07e62382c0d6fd5'),
       ('3a041c03985d4c159c64198370251244', '2018-01-08', 'Lorem ipsum dolor sit amet, consectetur adipiscing elit, sed do eiusmod tempor incididunt ut labore et dolore magna aliqua. Ut enim ad minim veniam, quis nostrud exercitation ullamco laboris nisi ut aliquip ex ea commodo consequat. Duis aute irure dolor in reprehenderit in voluptate velit esse cillum dolore eu fugiat nulla pariatur. Excepteur sint occaecat cupidatat non proident, sunt in culpa qui officia deserunt mollit anim id est laborum.', 'B76.1', FALSE, FALSE, 30, '40120fa25d8343b18e3f7ddfb36d3dbb', 'cf373bee654743eaa07e62382c0d6fd5'),
       ('b83cb767b772465e83022139f2f2567f', '2018-01-09', 'Lorem ipsum dolor sit amet, consectetur adipiscing elit, sed do eiusmod tempor incididunt ut labore et dolore magna aliqua. Ut enim ad minim veniam, quis nostrud exercitation ullamco laboris nisi ut aliquip ex ea commodo consequat. Duis aute irure dolor in reprehenderit in voluptate velit esse cillum dolore eu fugiat nulla pariatur. Excepteur sint occaecat cupidatat non proident, sunt in culpa qui officia deserunt mollit anim id est laborum.', 'B76.1', FALSE, FALSE, 30, '40120fa25d8343b18e3f7ddfb36d3dbb', 'cf373bee654743eaa07e62382c0d6fd5');

INSERT INTO purchase_facts (id, medical_prescription_id, pharmacist_id, purchase_date)
VALUES ('9a9d3fc444d94e148897ecc0eefb4a01', '155e4bac0abc4ebdb8cf939ba3336c80', '9f58ad651b0c4f0cbbaa1bfa7cd32140', '2018-01-10'),
       ('214a4c90f2284fbc9998f14293c005b8', '155e4bac0abc4ebdb8cf939ba3336c80', '9f58ad651b0c4f0cbbaa1bfa7cd32140', '2018-01-12'),
       ('f75999f1236d4b0899ea25cabcb76edd', '155e4bac0abc4ebdb8cf939ba3336c80', '9f58ad651b0c4f0cbbaa1bfa7cd32140', '2018-01-15'),
       ('79d740519ba24a18b0bed56e580edf36', '155e4bac0abc4ebdb8cf939ba3336c80', '9f58ad651b0c4f0cbbaa1bfa7cd32140', '2018-01-05'),
       ('28069973772d4e159bee979e0f316baa', '155e4bac0abc4ebdb8cf939ba3336c80', '9f58ad651b0c4f0cbbaa1bfa7cd32140', '2018-02-10'),
       ('8d0799b55b6e4410b79a83baf4d3ad99', '155e4bac0abc4ebdb8cf939ba3336c80', '9f58ad651b0c4f0cbbaa1bfa7cd32140', '2018-02-05'),
       ('76c7c428b1de44049463bafd0aab1219', '155e4bac0abc4ebdb8cf939ba3336c80', '9f58ad651b0c4f0cbbaa1bfa7cd32140', '2018-01-01'),
       ('e4250bac53dc4d6498c20aca482fb433', '155e4bac0abc4ebdb8cf939ba3336c80', '9f58ad651b0c4f0cbbaa1bfa7cd32140', '2018-02-10'),
       ('18ec7a607e2c4f8f86af2d7f73067338', '01eff02d95a847869580104a5639cb1c', '9f58ad651b0c4f0cbbaa1bfa7cd32140', '2018-02-10'),
       ('91ddb476d8004b61ab0d2294e2dc4991', 'c9e471f83b5047fcac27e62554d643e4', '9f58ad651b0c4f0cbbaa1bfa7cd32140', '2018-02-10'),
       ('097243f5bfce4808a49e733a6141f5ae', '7fa44f6885f8474883c3ee67271e1d2f', '9f58ad651b0c4f0cbbaa1bfa7cd32140', '2018-02-10'),
       ('0417949e5efb4f0f93aa210a53ce4c73', '507d9e149ab048fd9899a31c4d231609', '9f58ad651b0c4f0cbbaa1bfa7cd32140', '2018-02-10'),
       ('9d8143a1a79547f384557f649e77c225', '968b00209c944854956832d22bb6efd8', '9f58ad651b0c4f0cbbaa1bfa7cd32140', '2018-02-10'),
       ('a41d8da706024e2c91d1fdd4a0d74fae', '696dd04e43d2479da9df67fd8f82e716', '9f58ad651b0c4f0cbbaa1bfa7cd32140', '2018-02-10'),
       ('5c1b4a8a0e3b4ae1b9f27b1271310bfa', 'f225baf6e31c4793a4b0fa3311645d8e', '9f58ad651b0c4f0cbbaa1bfa7cd32140', '2018-02-10'),
       ('9c5d36ce6cdd41019dcf1dd1936aa05e', '36a1d71982714cde98ddb089a2b94580', '9f58ad651b0c4f0cbbaa1bfa7cd32140', '2018-02-10'),
       ('f3e11d2c13ec4aecaaa763859b1dc38c', '73d5b33a65f34886b24046f462a316d5', '9f58ad651b0c4f0cbbaa1bfa7cd32140', '2018-02-10'),
       ('371e9d13bca4456c9478b93695831971', 'cae4fb2c67bd41b3bae9fe100cfca370', '9f58ad651b0c4f0cbbaa1bfa7cd32140', '2018-02-10'),
       ('356def3e702342b69ca17f0ec8990d21', '155e4bac0abc4ebdb8cf939ba3336c80', '9f58ad651b0c4f0cbbaa1bfa7cd32140', '2018-02-10');
